sid,geometry,median_deg,max_deg,ref,interpolated,orig_sfreq,electrodes,n_ic_excluded,lowpass_hz,avg_ref_in_file,n_boundary,n_epochs,site
sub-100010,file,3.73,6.07,D32+B10,,512.0,C29 C16 C32 C10 D19 B22 A7 B4 A16 A29 D7 C7 D23 B26 D31 B11 C21 A1 A4,1,256.0,True,0,300,CL
sub-100011,file,3.73,6.07,D32+B10,,512.0,C29 C16 C32 C10 D19 B22 A7 B4 A16 A29 D7 C7 D23 B26 D31 B11 C21 A1 A4,1,256.0,True,0,301,CL
sub-100012,file,3.73,6.07,D32+B10,,512.0,C29 C16 C32 C10 D19 B22 A7 B4 A16 A29 D7 C7 D23 B26 D31 B11 C21 A1 A4,3,256.0,True,0,171,AR
sub-100014,file,3.73,6.07,D32+B10,,512.0,C29 C16 C32 C10 D19 B22 A7 B4 A16 A29 D7 C7 D23 B26 D31 B11 C21 A1 A4,0,256.0,True,0,262,CL
sub-100015,file,3.73,6.07,D32+B10,,512.0,C29 C16 C32 C10 D19 B22 A7 B4 A16 A29 D7 C7 D23 B26 D31 B11 C21 A1 A4,0,256.0,True,0,204,AR
sub-100016,file,3.73,6.07,D32+B10,,512.0,C29 C16 C32 C10 D19 B22 A7 B4 A16 A29 D7 C7 D23 B26 D31 B11 C21 A1 A4,2,256.0,True,0,275,CL
sub-100017,file,3.73,6.07,D32+B10,,512.0,C29 C16 C32 C10 D19 B22 A7 B4 A16 A29 D7 C7 D23 B26 D31 B11 C21 A1 A4,3,256.0,True,0,294,CL
sub-100018,file,3.73,6.07,D32+B10,,512.0,C29 C16 C32 C10 D19 B22 A7 B4 A16 A29 D7 C7 D23 B26 D31 B11 C21 A1 A4,0,256.0,True,0,180,AR
sub-10001,file,3.73,6.07,D32+B10,,512.0,C29 C16 C32 C10 D19 B22 A7 B4 A16 A29 D7 C7 D23 B26 D31 B11 C21 A1 A4,2,256.0,True,0,282,CL
sub-100020,file,3.73,6.07,D32+B10,,512.0,C29 C16 C32 C10 D19 B22 A7 B4 A16 A29 D7 C7 D23 B26 D31 B11 C21 A1 A4,4,256.0,True,0,163,AR
sub-100021,file,3.73,6.07,D32+B10,,512.0,C29 C16 C32 C10 D19 B22 A7 B4 A16 A29 D7 C7 D23 B26 D31 B11 C21 A1 A4,3,256.0,True,0,284,CL
sub-100022,file,3.73,6.07,D32+B10,,512.0,C29 C16 C32 C10 D19 B22 A7 B4 A16 A29 D7 C7 D23 B26 D31 B11 C21 A1 A4,1,256.0,True,0,221,AR
sub-100024,file,3.73,6.07,D32+B10,,512.0,C29 C16 C32 C10 D19 B22 A7 B4 A16 A29 D7 C7 D23 B26 D31 B11 C21 A1 A4,2,256.0,True,0,247,AR
sub-100026,file,3.73,6.07,D32+B10,,512.0,C29 C16 C32 C10 D19 B22 A7 B4 A16 A29 D7 C7 D23 B26 D31 B11 C21 A1 A4,2,256.0,True,0,204,AR
sub-100028,file,3.73,6.07,D32+B10,,512.0,C29 C16 C32 C10 D19 B22 A7 B4 A16 A29 D7 C7 D23 B26 D31 B11 C21 A1 A4,2,256.0,True,0,143,AR
sub-100029,file,3.73,6.07,D32+B10,,512.0,C29 C16 C32 C10 D19 B22 A7 B4 A16 A29 D7 C7 D23 B26 D31 B11 C21 A1 A4,0,256.0,True,0,330,CL
sub-10002,file,3.73,6.07,D32+B10,,512.0,C29 C16 C32 C10 D19 B22 A7 B4 A16 A29 D7 C7 D23 B26 D31 B11 C21 A1 A4,3,256.0,True,0,181,AR
sub-100030,file,3.73,6.07,D32+B10,,512.0,C29 C16 C32 C10 D19 B22 A7 B4 A16 A29 D7 C7 D23 B26 D31 B11 C21 A1 A4,2,256.0,True,0,181,AR
sub-100031,file,3.73,6.07,D32+B10,,512.0,C29 C16 C32 C10 D19 B22 A7 B4 A16 A29 D7 C7 D23 B26 D31 B11 C21 A1 A4,1,256.0,True,0,178,AR
sub-100033,file,3.73,6.07,D32+B10,,512.0,C29 C16 C32 C10 D19 B22 A7 B4 A16 A29 D7 C7 D23 B26 D31 B11 C21 A1 A4,2,256.0,True,0,178,AR
sub-100034,file,3.73,6.07,D32+B10,,512.0,C29 C16 C32 C10 D19 B22 A7 B4 A16 A29 D7 C7 D23 B26 D31 B11 C21 A1 A4,3,256.0,True,0,294,CL
sub-100035,file,3.73,6.07,D32+B10,,512.0,C29 C16 C32 C10 D19 B22 A7 B4 A16 A29 D7 C7 D23 B26 D31 B11 C21 A1 A4,0,256.0,True,0,133,AR
sub-100037,file,3.73,6.07,D32+B10,,512.0,C29 C16 C32 C10 D19 B22 A7 B4 A16 A29 D7 C7 D23 B26 D31 B11 C21 A1 A4,2,256.0,True,0,271,CL
sub-100038,file,3.73,6.07,D32+B10,,512.0,C29 C16 C32 C10 D19 B22 A7 B4 A16 A29 D7 C7 D23 B26 D31 B11 C21 A1 A4,5,256.0,True,0,171,AR
sub-10003,file,3.73,6.07,D32+B10,,512.0,C29 C16 C32 C10 D19 B22 A7 B4 A16 A29 D7 C7 D23 B26 D31 B11 C21 A1 A4,2,256.0,True,0,289,AR
sub-100043,file,3.73,6.07,D32+B10,,512.0,C29 C16 C32 C10 D19 B22 A7 B4 A16 A29 D7 C7 D23 B26 D31 B11 C21 A1 A4,3,256.0,True,0,294,CL
sub-10004,file,3.73,6.07,D32+B10,,512.0,C29 C16 C32 C10 D19 B22 A7 B4 A16 A29 D7 C7 D23 B26 D31 B11 C21 A1 A4,1,256.0,True,0,202,AR
sub-10005,file,3.73,6.07,D32+B10,,512.0,C29 C16 C32 C10 D19 B22 A7 B4 A16 A29 D7 C7 D23 B26 D31 B11 C21 A1 A4,0,256.0,True,0,289,CL
sub-10006,file,3.73,6.07,D32+B10,,512.0,C29 C16 C32 C10 D19 B22 A7 B4 A16 A29 D7 C7 D23 B26 D31 B11 C21 A1 A4,1,256.0,True,0,217,AR
sub-10007,file,3.73,6.07,D32+B10,,512.0,C29 C16 C32 C10 D19 B22 A7 B4 A16 A29 D7 C7 D23 B26 D31 B11 C21 A1 A4,3,256.0,True,0,177,AR
sub-10008,file,3.73,6.07,D32+B10,,512.0,C29 C16 C32 C10 D19 B22 A7 B4 A16 A29 D7 C7 D23 B26 D31 B11 C21 A1 A4,3,256.0,True,0,298,CL
sub-10009,file,3.73,6.07,D32+B10,,512.0,C29 C16 C32 C10 D19 B22 A7 B4 A16 A29 D7 C7 D23 B26 D31 B11 C21 A1 A4,1,256.0,True,0,187,AR
sub-30001,file,3.73,6.07,D32+B10,,512.0,C29 C16 C32 C10 D19 B22 A7 B4 A16 A29 D7 C7 D23 B26 D31 B11 C21 A1 A4,4,256.0,True,0,155,AR
sub-30002,file,3.73,6.07,D32+B10,,512.0,C29 C16 C32 C10 D19 B22 A7 B4 A16 A29 D7 C7 D23 B26 D31 B11 C21 A1 A4,2,256.0,True,0,160,AR
sub-30003,file,3.73,6.07,D32+B10,,512.0,C29 C16 C32 C10 D19 B22 A7 B4 A16 A29 D7 C7 D23 B26 D31 B11 C21 A1 A4,6,256.0,True,0,218,CL
sub-30004,file,3.73,6.07,D32+B10,,512.0,C29 C16 C32 C10 D19 B22 A7 B4 A16 A29 D7 C7 D23 B26 D31 B11 C21 A1 A4,2,256.0,True,0,141,AR
sub-30005,file,3.73,6.07,D32+B10,,512.0,C29 C16 C32 C10 D19 B22 A7 B4 A16 A29 D7 C7 D23 B26 D31 B11 C21 A1 A4,0,256.0,True,0,289,CL
sub-30006,file,3.73,6.07,D32+B10,,512.0,C29 C16 C32 C10 D19 B22 A7 B4 A16 A29 D7 C7 D23 B26 D31 B11 C21 A1 A4,4,256.0,True,0,309,CL
sub-30007,file,3.73,6.07,D32+B10,,512.0,C29 C16 C32 C10 D19 B22 A7 B4 A16 A29 D7 C7 D23 B26 D31 B11 C21 A1 A4,1,256.0,False,0,251,CL
sub-30008,file,3.73,6.07,D32+B10,,512.0,C29 C16 C32 C10 D19 B22 A7 B4 A16 A29 D7 C7 D23 B26 D31 B11 C21 A1 A4,0,256.0,True,0,156,AR
sub-30009,file,3.73,6.07,D32+B10,,512.0,C29 C16 C32 C10 D19 B22 A7 B4 A16 A29 D7 C7 D23 B26 D31 B11 C21 A1 A4,0,256.0,True,0,201,AR
sub-30010,file,3.73,6.07,D32+B10,,512.0,C29 C16 C32 C10 D19 B22 A7 B4 A16 A29 D7 C7 D23 B26 D31 B11 C21 A1 A4,1,256.0,True,0,235,CL
sub-30011,file,3.73,6.07,D32+B10,,512.0,C29 C16 C32 C10 D19 B22 A7 B4 A16 A29 D7 C7 D23 B26 D31 B11 C21 A1 A4,0,256.0,True,0,69,AR
sub-30012,file,3.73,6.07,D32+B10,,512.0,C29 C16 C32 C10 D19 B22 A7 B4 A16 A29 D7 C7 D23 B26 D31 B11 C21 A1 A4,3,256.0,True,0,112,AR
sub-30013,file,3.73,6.07,D32+B10,,512.0,C29 C16 C32 C10 D19 B22 A7 B4 A16 A29 D7 C7 D23 B26 D31 B11 C21 A1 A4,1,256.0,True,0,184,AR
sub-30014,file,3.73,6.07,D32+B10,,512.0,C29 C16 C32 C10 D19 B22 A7 B4 A16 A29 D7 C7 D23 B26 D31 B11 C21 A1 A4,1,256.0,True,0,271,CL
sub-30015,file,3.73,6.07,D32+B10,,512.0,C29 C16 C32 C10 D19 B22 A7 B4 A16 A29 D7 C7 D23 B26 D31 B11 C21 A1 A4,2,256.0,False,0,79,AR
sub-30016,file,3.73,6.07,D32+B10,,512.0,C29 C16 C32 C10 D19 B22 A7 B4 A16 A29 D7 C7 D23 B26 D31 B11 C21 A1 A4,1,256.0,True,0,239,CL
sub-30017,file,3.73,6.07,D32+B10,,512.0,C29 C16 C32 C10 D19 B22 A7 B4 A16 A29 D7 C7 D23 B26 D31 B11 C21 A1 A4,2,256.0,True,0,123,AR
sub-30018,file,3.73,6.07,D32+B10,,512.0,C29 C16 C32 C10 D19 B22 A7 B4 A16 A29 D7 C7 D23 B26 D31 B11 C21 A1 A4,6,256.0,True,0,210,AR
sub-30019,file,3.73,6.07,D32+B10,,512.0,C29 C16 C32 C10 D19 B22 A7 B4 A16 A29 D7 C7 D23 B26 D31 B11 C21 A1 A4,2,256.0,True,0,262,CL
sub-30020,file,3.73,6.07,D32+B10,,512.0,C29 C16 C32 C10 D19 B22 A7 B4 A16 A29 D7 C7 D23 B26 D31 B11 C21 A1 A4,3,256.0,True,0,171,AR
sub-30021,file,3.73,6.07,D32+B10,,512.0,C29 C16 C32 C10 D19 B22 A7 B4 A16 A29 D7 C7 D23 B26 D31 B11 C21 A1 A4,0,256.0,True,0,179,CL
sub-30022,file,3.73,6.07,D32+B10,,512.0,C29 C16 C32 C10 D19 B22 A7 B4 A16 A29 D7 C7 D23 B26 D31 B11 C21 A1 A4,1,256.0,True,0,207,AR
sub-30023,file,3.73,6.07,D32+B10,,512.0,C29 C16 C32 C10 D19 B22 A7 B4 A16 A29 D7 C7 D23 B26 D31 B11 C21 A1 A4,1,256.0,True,0,81,CL
sub-30024,file,3.73,6.07,D32+B10,,512.0,C29 C16 C32 C10 D19 B22 A7 B4 A16 A29 D7 C7 D23 B26 D31 B11 C21 A1 A4,3,256.0,True,0,283,CL
sub-30025,file,3.73,6.07,D32+B10,,512.0,C29 C16 C32 C10 D19 B22 A7 B4 A16 A29 D7 C7 D23 B26 D31 B11 C21 A1 A4,4,256.0,True,0,302,CL
sub-30026,file,3.73,6.07,D32+B10,,512.0,C29 C16 C32 C10 D19 B22 A7 B4 A16 A29 D7 C7 D23 B26 D31 B11 C21 A1 A4,3,256.0,True,0,197,AR
sub-30027,file,3.73,6.07,D32+B10,,512.0,C29 C16 C32 C10 D19 B22 A7 B4 A16 A29 D7 C7 D23 B26 D31 B11 C21 A1 A4,2,256.0,True,0,337,CL
sub-30028,file,3.73,6.07,D32+B10,,512.0,C29 C16 C32 C10 D19 B22 A7 B4 A16 A29 D7 C7 D23 B26 D31 B11 C21 A1 A4,0,256.0,True,0,288,CL
sub-30029,file,3.73,6.07,D32+B10,,512.0,C29 C16 C32 C10 D19 B22 A7 B4 A16 A29 D7 C7 D23 B26 D31 B11 C21 A1 A4,1,256.0,True,0,226,AR
sub-30030,file,3.73,6.07,D32+B10,,512.0,C29 C16 C32 C10 D19 B22 A7 B4 A16 A29 D7 C7 D23 B26 D31 B11 C21 A1 A4,0,256.0,True,0,248,CL
sub-30031,file,3.73,6.07,D32+B10,,512.0,C29 C16 C32 C10 D19 B22 A7 B4 A16 A29 D7 C7 D23 B26 D31 B11 C21 A1 A4,1,256.0,True,0,205,AR
sub-30032,file,3.73,6.07,D32+B10,,512.0,C29 C16 C32 C10 D19 B22 A7 B4 A16 A29 D7 C7 D23 B26 D31 B11 C21 A1 A4,1,256.0,True,0,279,CL
sub-30033,file,3.73,6.07,D32+B10,,512.0,C29 C16 C32 C10 D19 B22 A7 B4 A16 A29 D7 C7 D23 B26 D31 B11 C21 A1 A4,1,256.0,True,0,248,CL
sub-30034,file,3.73,6.07,D32+B10,,512.0,C29 C16 C32 C10 D19 B22 A7 B4 A16 A29 D7 C7 D23 B26 D31 B11 C21 A1 A4,1,256.0,True,0,289,CL
sub-30035,file,3.73,6.07,D32+B10,,512.0,C29 C16 C32 C10 D19 B22 A7 B4 A16 A29 D7 C7 D23 B26 D31 B11 C21 A1 A4,3,256.0,True,0,206,CL
