feature,d_HC_shift,d_AD_train,d_AD_target,same_sign
Delta_RBP,-4.7,-0.01,0.41,False
Theta_RBP,1.81,0.56,0.71,True
Alpha_RBP,3.33,-0.56,-0.53,True
Beta_RBP,2.28,-0.04,-0.42,True
Gamma_RBP,1.45,0.15,0.18,True
Delta_Mean_Freq,5.02,0.44,0.08,True
Theta_Mean_Freq,2.45,-0.05,-0.13,True
Alpha_Mean_Freq,-0.51,-0.03,-0.05,True
Beta_Mean_Freq,0.19,-0.17,-0.09,True
Gamma_Mean_Freq,-0.2,0.77,0.44,True
Delta_LZC,2.84,-0.13,0.27,False
Theta_LZC,2.44,-0.41,-0.37,True
Alpha_LZC,-0.67,1.04,0.6,True
Beta_LZC,-0.49,0.52,0.35,True
Gamma_LZC,-2.09,-0.06,-0.92,True
PAC_Delta_Beta,0.32,0.23,-0.17,False
PAC_Delta_Gamma,0.09,0.23,0.02,True
PAC_Theta_Beta,-0.6,0.23,-0.1,False
PAC_Theta_Gamma,-0.46,0.23,-0.27,False
PAC_Alpha_Beta,-0.29,0.23,0.59,True
PAC_Alpha_Gamma,-0.31,0.23,0.2,True
Kuramoto_Delta,-0.98,-0.18,-0.4,True
Kuramoto_Theta,-0.61,-0.34,-0.28,True
Kuramoto_Alpha,0.59,0.07,-0.52,False
Kuramoto_Beta,-0.05,-0.02,-0.48,True
Kuramoto_Gamma,-0.04,-0.14,-0.28,True
MI_Delta,-3.09,-0.17,-0.65,True
MI_Theta,-2.16,-0.28,-0.17,True
MI_Alpha,-0.02,0.39,-0.79,False
MI_Beta,-0.92,0.46,-0.64,False
MI_Gamma,-1.08,0.33,-0.27,False
