Modelo,Categoria,n,Accuracy,Sensibilidade,Especificidade,F1,AUC,frac_pred_AD
Random Forest,Baseline (RBP),67,0.5224,0.1714,0.9062,0.2727,0.6183,0.134
Random Forest,Mean Frequency,67,0.6119,0.8571,0.3438,0.6977,0.6308,0.761
Random Forest,Lempel-Ziv Complexity,67,0.597,0.4857,0.7188,0.5574,0.5987,0.388
Random Forest,Phase-Amplitude Coupling,67,0.4925,0.7429,0.2188,0.6047,0.5714,0.761
Random Forest,Kuramoto Order,67,0.5224,1.0,0.0,0.6863,0.3795,1.0
Random Forest,Mutual Information,67,0.6119,0.6286,0.5938,0.6286,0.6263,0.522
Random Forest,Assinatura Completa (Multivariado),67,0.7015,0.7143,0.6875,0.7143,0.7384,0.522
SVM (Linear),Baseline (RBP),67,0.5373,0.1714,0.9375,0.2791,0.7567,0.119
SVM (Linear),Mean Frequency,67,0.5672,0.8857,0.2188,0.6813,0.6076,0.836
SVM (Linear),Lempel-Ziv Complexity,67,0.5522,0.1429,1.0,0.25,0.6496,0.075
SVM (Linear),Phase-Amplitude Coupling,67,0.4776,0.0,1.0,0.0,0.5616,0.0
SVM (Linear),Kuramoto Order,67,0.4925,0.9143,0.0312,0.6531,0.3857,0.94
SVM (Linear),Mutual Information,67,0.5224,1.0,0.0,0.6863,0.2687,1.0
SVM (Linear),Assinatura Completa (Multivariado),67,0.597,0.2857,0.9375,0.4255,0.7857,0.179
XGBoost,Baseline (RBP),67,0.5075,0.1714,0.875,0.2667,0.5531,0.149
XGBoost,Mean Frequency,67,0.6119,0.7429,0.4688,0.6667,0.5897,0.642
XGBoost,Lempel-Ziv Complexity,67,0.5522,0.1714,0.9688,0.2857,0.5723,0.104
XGBoost,Phase-Amplitude Coupling,67,0.4776,0.6857,0.25,0.5783,0.5491,0.716
XGBoost,Kuramoto Order,67,0.4627,0.8857,0.0,0.6327,0.4259,0.94
XGBoost,Mutual Information,67,0.4179,0.4857,0.3438,0.4658,0.4652,0.567
XGBoost,Assinatura Completa (Multivariado),67,0.6418,0.3714,0.9375,0.52,0.7366,0.224
